input_id	dealiased_id	standard_id	short_id
124.0.137636458	124.0.137636458	124.0.137636458	ZKDS1WGN
